_time|message|status|module
1587091370.322|No URLs in URLlist|WARNING|ITSDBupload
1587091369.918||INFO|ITSDBupload
1587091369.118||INFO|ITSDBupload
1587091369.062|TLD length|INFO|ITSDBupload
1587091356.181|URL added to list|INFO|ITSDBupload
1587091356.181|URL added to list|INFO|ITSDBupload
1587091356.181|URL added to list|INFO|ITSDBupload
1587091356.181|URL added to list|INFO|ITSDBupload
1587091356.181|URL added to list|INFO|ITSDBupload
1587091356.181|URL added to list|INFO|ITSDBupload
1587091356.181|URL added to list|INFO|ITSDBupload
1587091356.181|URL added to list|INFO|ITSDBupload
1587091356.180|URL added to list|INFO|ITSDBupload
1587091356.180|URL added to list|INFO|ITSDBupload
1587091356.180|URL added to list|INFO|ITSDBupload
1587091342.504|URL added to list|INFO|ITSDBupload
1587091342.503|URL added to list|INFO|ITSDBupload
1587091325.652|URL added to list|INFO|ITSDBupload
1587091325.652|URL added to list|INFO|ITSDBupload
1587091325.652|URL added to list|INFO|ITSDBupload
1587091325.652|URL added to list|INFO|ITSDBupload
1587091325.652|URL added to list|INFO|ITSDBupload
1587091325.651|URL added to list|INFO|ITSDBupload
1587091325.651|URL added to list|INFO|ITSDBupload
1587091325.651|URL added to list|INFO|ITSDBupload
1587091325.651|URL added to list|INFO|ITSDBupload
1587091325.651|URL added to list|INFO|ITSDBupload
1587091325.651|URL added to list|INFO|ITSDBupload
1587091325.651|URL added to list|INFO|ITSDBupload
1587091325.651|URL added to list|INFO|ITSDBupload
1587091325.651|URL added to list|INFO|ITSDBupload
1587091325.651|URL added to list|INFO|ITSDBupload
1587091325.651|URL added to list|INFO|ITSDBupload
1587091325.651|URL added to list|INFO|ITSDBupload
1587091325.650|URL added to list|INFO|ITSDBupload
1587091325.650|URL added to list|INFO|ITSDBupload
1587091325.650|URL added to list|INFO|ITSDBupload
1587091325.650|URL added to list|INFO|ITSDBupload
1587091325.650|URL added to list|INFO|ITSDBupload
1587091325.650|URL added to list|INFO|ITSDBupload
1587091325.650|URL added to list|INFO|ITSDBupload
1587091325.650|URL added to list|INFO|ITSDBupload
1587091325.650|URL added to list|INFO|ITSDBupload
1587091325.650|URL added to list|INFO|ITSDBupload
1587091325.650|URL added to list|INFO|ITSDBupload
1587091325.650|URL added to list|INFO|ITSDBupload
1587091325.649|URL added to list|INFO|ITSDBupload
1587091325.649|URL added to list|INFO|ITSDBupload
1587091325.649|URL added to list|INFO|ITSDBupload
1587091325.649|URL added to list|INFO|ITSDBupload
1587091325.649|URL added to list|INFO|ITSDBupload
1587091325.649|URL added to list|INFO|ITSDBupload
1587091325.649|URL added to list|INFO|ITSDBupload
1587091325.649|URL added to list|INFO|ITSDBupload
1587091325.649|URL added to list|INFO|ITSDBupload
1587091325.649|URL added to list|INFO|ITSDBupload
1587091325.649|URL added to list|INFO|ITSDBupload
1587091325.648|URL added to list|INFO|ITSDBupload
1587091325.648|URL added to list|INFO|ITSDBupload
1587091325.648|URL added to list|INFO|ITSDBupload
1587091325.648|URL added to list|INFO|ITSDBupload
1587091325.648|URL added to list|INFO|ITSDBupload
1587091325.648|URL added to list|INFO|ITSDBupload
1587091325.648|URL added to list|INFO|ITSDBupload
1587091325.648|URL added to list|INFO|ITSDBupload
1587091325.648|URL added to list|INFO|ITSDBupload
1587091325.648|URL added to list|INFO|ITSDBupload
1587091325.648|URL added to list|INFO|ITSDBupload
1587091325.648|URL added to list|INFO|ITSDBupload
1587091325.647|URL added to list|INFO|ITSDBupload
1587091325.647|URL added to list|INFO|ITSDBupload
1587091325.647|URL added to list|INFO|ITSDBupload
1587091325.647|URL added to list|INFO|ITSDBupload
1587091325.647|URL added to list|INFO|ITSDBupload
1587091325.647|URL added to list|INFO|ITSDBupload
1587091325.647|URL added to list|INFO|ITSDBupload
1587091325.647|URL added to list|INFO|ITSDBupload
1587091325.647|URL added to list|INFO|ITSDBupload
1587091325.647|URL added to list|INFO|ITSDBupload
1587091325.647|URL added to list|INFO|ITSDBupload
1587091325.646|URL added to list|INFO|ITSDBupload
1587091325.646|URL added to list|INFO|ITSDBupload
1587091325.646|URL added to list|INFO|ITSDBupload
1587091325.646|URL added to list|INFO|ITSDBupload
1587091325.646|URL added to list|INFO|ITSDBupload
1587091325.646|URL added to list|INFO|ITSDBupload
1587091325.646|URL added to list|INFO|ITSDBupload
1587091325.646|URL added to list|INFO|ITSDBupload
1587091325.645|URL added to list|INFO|ITSDBupload
1587091325.645|URL added to list|INFO|ITSDBupload
1587091325.645|URL added to list|INFO|ITSDBupload
1587091325.645|URL added to list|INFO|ITSDBupload
1587091325.645|URL added to list|INFO|ITSDBupload
1587091325.645|URL added to list|INFO|ITSDBupload
1587091325.645|URL added to list|INFO|ITSDBupload
1587091325.645|URL added to list|INFO|ITSDBupload
1587091325.645|URL added to list|INFO|ITSDBupload
1587091325.645|URL added to list|INFO|ITSDBupload
1587091325.644|URL added to list|INFO|ITSDBupload
1587091325.644|URL added to list|INFO|ITSDBupload
1587091325.644|URL added to list|INFO|ITSDBupload
1587091325.644|URL added to list|INFO|ITSDBupload
1587091325.644|URL added to list|INFO|ITSDBupload
1587091325.644|URL added to list|INFO|ITSDBupload
1587091325.644|URL added to list|INFO|ITSDBupload
1587091325.644|URL added to list|INFO|ITSDBupload
1587091325.644|URL added to list|INFO|ITSDBupload
1587091325.644|URL added to list|INFO|ITSDBupload
1587091325.644|URL added to list|INFO|ITSDBupload
1587091325.644|URL added to list|INFO|ITSDBupload
1587091325.644|URL added to list|INFO|ITSDBupload
1587091325.644|URL added to list|INFO|ITSDBupload
1587091325.644|URL added to list|INFO|ITSDBupload
1587091325.644|URL added to list|INFO|ITSDBupload
1587091325.644|URL added to list|INFO|ITSDBupload
1587091325.643|URL added to list|INFO|ITSDBupload
1587091325.643|URL added to list|INFO|ITSDBupload
1587091325.368|URL added to list|INFO|ITSDBupload
1587091325.368|URL added to list|INFO|ITSDBupload
1587091325.368|URL added to list|INFO|ITSDBupload
1587091325.368|URL added to list|INFO|ITSDBupload
1587091325.368|URL added to list|INFO|ITSDBupload
1587091325.367|URL added to list|INFO|ITSDBupload
1587091325.367|URL added to list|INFO|ITSDBupload
1587091325.367|URL added to list|INFO|ITSDBupload
1587091325.367|URL added to list|INFO|ITSDBupload
1587091325.367|URL added to list|INFO|ITSDBupload
1587091325.367|URL added to list|INFO|ITSDBupload
1587091325.366|URL added to list|INFO|ITSDBupload
1587091317.179|URL added to list|INFO|ITSDBupload
1587091317.179|URL added to list|INFO|ITSDBupload
1587091317.179|URL added to list|INFO|ITSDBupload
1587091317.179|URL added to list|INFO|ITSDBupload
1587091317.178|URL added to list|INFO|ITSDBupload
1587091317.178|URL added to list|INFO|ITSDBupload
1587091317.178|URL added to list|INFO|ITSDBupload
1587091317.178|URL added to list|INFO|ITSDBupload
1587091317.178|URL added to list|INFO|ITSDBupload
1587091317.178|URL added to list|INFO|ITSDBupload
1587091317.177|URL added to list|INFO|ITSDBupload
1587091317.177|URL added to list|INFO|ITSDBupload
1587091317.177|URL added to list|INFO|ITSDBupload
1587091317.177|URL added to list|INFO|ITSDBupload
1587091317.177|URL added to list|INFO|ITSDBupload
1587091317.177|URL added to list|INFO|ITSDBupload
1587091317.176|URL added to list|INFO|ITSDBupload
1587091317.176|URL added to list|INFO|ITSDBupload
1587091317.176|URL added to list|INFO|ITSDBupload
1587091317.176|URL added to list|INFO|ITSDBupload
1587091317.176|URL added to list|INFO|ITSDBupload
1587091317.176|URL added to list|INFO|ITSDBupload
1587091317.175|URL added to list|INFO|ITSDBupload
1587091317.175|URL added to list|INFO|ITSDBupload
1587091317.175|URL added to list|INFO|ITSDBupload
1587091317.175|URL added to list|INFO|ITSDBupload
1587091317.175|URL added to list|INFO|ITSDBupload
1587091317.175|URL added to list|INFO|ITSDBupload
1587091317.175|URL added to list|INFO|ITSDBupload
1587091317.174|URL added to list|INFO|ITSDBupload
1587091317.174|URL added to list|INFO|ITSDBupload
1587091317.174|URL added to list|INFO|ITSDBupload
1587091317.174|URL added to list|INFO|ITSDBupload
1587091317.174|URL added to list|INFO|ITSDBupload
1587091317.174|URL added to list|INFO|ITSDBupload
1587091317.174|URL added to list|INFO|ITSDBupload
1587091317.173|URL added to list|INFO|ITSDBupload
1587091317.173|URL added to list|INFO|ITSDBupload
1587091317.173|URL added to list|INFO|ITSDBupload
1587091317.173|URL added to list|INFO|ITSDBupload
1587091317.173|URL added to list|INFO|ITSDBupload
1587091317.173|URL added to list|INFO|ITSDBupload
1587091317.172|URL added to list|INFO|ITSDBupload
1587091317.172|URL added to list|INFO|ITSDBupload
1587091317.172|URL added to list|INFO|ITSDBupload
1587091307.162|URL added to list|INFO|ITSDBupload
1587091307.162|URL added to list|INFO|ITSDBupload
1587091307.162|URL added to list|INFO|ITSDBupload
1587091307.161|URL added to list|INFO|ITSDBupload
1587091307.161|URL added to list|INFO|ITSDBupload
1587091307.161|URL added to list|INFO|ITSDBupload
1587091307.161|URL added to list|INFO|ITSDBupload
1587091307.161|URL added to list|INFO|ITSDBupload
1587091307.161|URL added to list|INFO|ITSDBupload
1587091307.161|URL added to list|INFO|ITSDBupload
1587091307.161|URL added to list|INFO|ITSDBupload
1587091307.161|URL added to list|INFO|ITSDBupload
1587091307.160|URL added to list|INFO|ITSDBupload
1587091307.160|URL added to list|INFO|ITSDBupload
1587091307.160|URL added to list|INFO|ITSDBupload
1587091307.160|URL added to list|INFO|ITSDBupload
1587091307.160|URL added to list|INFO|ITSDBupload
1587091307.159|URL added to list|INFO|ITSDBupload
1587091307.159|URL added to list|INFO|ITSDBupload
1587091307.159|URL added to list|INFO|ITSDBupload
1587091307.159|URL added to list|INFO|ITSDBupload
1587091307.159|URL added to list|INFO|ITSDBupload
1587091307.159|URL added to list|INFO|ITSDBupload
1587091307.158|URL added to list|INFO|ITSDBupload
1587091307.158|URL added to list|INFO|ITSDBupload
1587091307.158|URL added to list|INFO|ITSDBupload
1587091307.158|URL added to list|INFO|ITSDBupload
1587091307.158|URL added to list|INFO|ITSDBupload
1587091301.141|URL added to list|INFO|ITSDBupload
1587091301.140|URL added to list|INFO|ITSDBupload
1587091301.140|URL added to list|INFO|ITSDBupload
1587091301.140|URL added to list|INFO|ITSDBupload
1587091301.140|URL added to list|INFO|ITSDBupload
1587091301.140|URL added to list|INFO|ITSDBupload
1587091301.140|URL added to list|INFO|ITSDBupload
1587091301.140|URL added to list|INFO|ITSDBupload
1587091301.140|URL added to list|INFO|ITSDBupload
1587091301.140|URL added to list|INFO|ITSDBupload
1587091301.140|URL added to list|INFO|ITSDBupload
1587091301.140|URL added to list|INFO|ITSDBupload
1587091301.139|URL added to list|INFO|ITSDBupload
1587091301.139|URL added to list|INFO|ITSDBupload
1587091301.139|URL added to list|INFO|ITSDBupload
1587091301.139|URL added to list|INFO|ITSDBupload
1587091301.139|URL added to list|INFO|ITSDBupload
1587091301.139|URL added to list|INFO|ITSDBupload
1587091301.139|URL added to list|INFO|ITSDBupload
1587091301.139|URL added to list|INFO|ITSDBupload
1587091301.139|URL added to list|INFO|ITSDBupload
1587091301.139|URL added to list|INFO|ITSDBupload
1587091301.139|URL added to list|INFO|ITSDBupload
1587091301.138|URL added to list|INFO|ITSDBupload
1587091301.138|URL added to list|INFO|ITSDBupload
1587091301.138|URL added to list|INFO|ITSDBupload
1587091301.138|URL added to list|INFO|ITSDBupload
1587091301.138|URL added to list|INFO|ITSDBupload
1587091301.138|URL added to list|INFO|ITSDBupload
1587091301.138|URL added to list|INFO|ITSDBupload
1587091301.138|URL added to list|INFO|ITSDBupload
1587091301.138|URL added to list|INFO|ITSDBupload
1587091301.138|URL added to list|INFO|ITSDBupload
1587091301.137|URL added to list|INFO|ITSDBupload
1587091301.137|URL added to list|INFO|ITSDBupload
1587091301.137|URL added to list|INFO|ITSDBupload
1587091301.137|URL added to list|INFO|ITSDBupload
1587091301.137|URL added to list|INFO|ITSDBupload
1587091301.137|URL added to list|INFO|ITSDBupload
1587091301.137|URL added to list|INFO|ITSDBupload
1587091301.137|URL added to list|INFO|ITSDBupload
1587091301.137|URL added to list|INFO|ITSDBupload
1587091301.137|URL added to list|INFO|ITSDBupload
1587091301.137|URL added to list|INFO|ITSDBupload
1587091301.136|URL added to list|INFO|ITSDBupload
1587091301.136|URL added to list|INFO|ITSDBupload
1587091301.136|URL added to list|INFO|ITSDBupload
1587091301.136|URL added to list|INFO|ITSDBupload
1587091301.136|URL added to list|INFO|ITSDBupload
1587091301.136|URL added to list|INFO|ITSDBupload
1587091301.136|URL added to list|INFO|ITSDBupload
1587091301.136|URL added to list|INFO|ITSDBupload
1587091301.136|URL added to list|INFO|ITSDBupload
1587091301.136|URL added to list|INFO|ITSDBupload
1587091301.136|URL added to list|INFO|ITSDBupload
1587091301.135|URL added to list|INFO|ITSDBupload
1587091301.135|URL added to list|INFO|ITSDBupload
1587091301.135|URL added to list|INFO|ITSDBupload
1587091301.135|URL added to list|INFO|ITSDBupload
1587091301.135|URL added to list|INFO|ITSDBupload
1587091301.135|URL added to list|INFO|ITSDBupload
1587091301.135|URL added to list|INFO|ITSDBupload
1587091301.135|URL added to list|INFO|ITSDBupload
1587091301.135|URL added to list|INFO|ITSDBupload
1587091301.135|URL added to list|INFO|ITSDBupload
1587091301.134|URL added to list|INFO|ITSDBupload
1587091301.134|URL added to list|INFO|ITSDBupload
1587091301.134|URL added to list|INFO|ITSDBupload
1587091301.134|URL added to list|INFO|ITSDBupload
1587091301.134|URL added to list|INFO|ITSDBupload
1587091301.134|URL added to list|INFO|ITSDBupload
1587091301.134|URL added to list|INFO|ITSDBupload
1587091301.134|URL added to list|INFO|ITSDBupload
1587091301.134|URL added to list|INFO|ITSDBupload
1587091301.133|URL added to list|INFO|ITSDBupload
1587091294.528|URL added to list|INFO|ITSDBupload
1587091294.528|URL added to list|INFO|ITSDBupload
1587091288.053|URL added to list|INFO|ITSDBupload
1587091288.053|URL added to list|INFO|ITSDBupload
1587091288.052|URL added to list|INFO|ITSDBupload
1587091259.684|URL added to list|INFO|ITSDBupload
1587091259.684|URL added to list|INFO|ITSDBupload
1587091259.684|URL added to list|INFO|ITSDBupload
1587091259.684|URL added to list|INFO|ITSDBupload
1587091259.684|URL added to list|INFO|ITSDBupload
1587091259.684|URL added to list|INFO|ITSDBupload
1587091259.684|URL added to list|INFO|ITSDBupload
1587091259.683|URL added to list|INFO|ITSDBupload
1587091259.316|URL added to list|INFO|ITSDBupload
1587091259.316|URL added to list|INFO|ITSDBupload
1587091259.316|URL added to list|INFO|ITSDBupload
1587091259.316|URL added to list|INFO|ITSDBupload
1587091259.316|URL added to list|INFO|ITSDBupload
1587091259.316|URL added to list|INFO|ITSDBupload
1587091259.315|URL added to list|INFO|ITSDBupload
1587091259.315|URL added to list|INFO|ITSDBupload
1587091259.315|URL added to list|INFO|ITSDBupload
1587091254.437|URL added to list|INFO|ITSDBupload
1587091254.436|URL added to list|INFO|ITSDBupload
1587091254.436|URL added to list|INFO|ITSDBupload
1587091247.111|URL added to list|INFO|ITSDBupload
1587091247.110|URL added to list|INFO|ITSDBupload
1587091247.109|URL added to list|INFO|ITSDBupload
1587091246.879|URL added to list|INFO|ITSDBupload
1587091246.878|URL added to list|INFO|ITSDBupload
1587091242.148|URL added to list|INFO|ITSDBupload
1587091242.148|URL added to list|INFO|ITSDBupload
1587091238.130|URL added to list|INFO|ITSDBupload
1587091238.130|URL added to list|INFO|ITSDBupload
1587091238.130|URL added to list|INFO|ITSDBupload
1587091238.130|URL added to list|INFO|ITSDBupload
1587091238.130|URL added to list|INFO|ITSDBupload
1587091238.129|URL added to list|INFO|ITSDBupload
1587091238.129|URL added to list|INFO|ITSDBupload
1587091238.129|URL added to list|INFO|ITSDBupload
1587091238.129|URL added to list|INFO|ITSDBupload
1587091238.129|URL added to list|INFO|ITSDBupload
1587091238.129|URL added to list|INFO|ITSDBupload
1587091238.128|URL added to list|INFO|ITSDBupload
1587091238.128|URL added to list|INFO|ITSDBupload
1587091238.128|URL added to list|INFO|ITSDBupload
1587091238.128|URL added to list|INFO|ITSDBupload
1587091229.842|URL added to list|INFO|ITSDBupload
1587091229.842|URL added to list|INFO|ITSDBupload
1587091229.842|URL added to list|INFO|ITSDBupload
1587091229.842|URL added to list|INFO|ITSDBupload
1587091229.841|URL added to list|INFO|ITSDBupload
1587091229.661|URL added to list|INFO|ITSDBupload
1587091229.660|URL added to list|INFO|ITSDBupload
1587091229.354|URL added to list|INFO|ITSDBupload
1587091229.354|URL added to list|INFO|ITSDBupload
1587091229.353|URL added to list|INFO|ITSDBupload
1587091229.353|URL added to list|INFO|ITSDBupload
1587091224.741|URL added to list|INFO|ITSDBupload
1587091224.741|URL added to list|INFO|ITSDBupload
1587091224.741|URL added to list|INFO|ITSDBupload
1587091224.741|URL added to list|INFO|ITSDBupload
1587091224.741|URL added to list|INFO|ITSDBupload
1587091224.741|URL added to list|INFO|ITSDBupload
1587091224.741|URL added to list|INFO|ITSDBupload
1587091224.740|URL added to list|INFO|ITSDBupload
1587091224.740|URL added to list|INFO|ITSDBupload
1587091224.740|URL added to list|INFO|ITSDBupload
1587091224.740|URL added to list|INFO|ITSDBupload
1587091224.740|URL added to list|INFO|ITSDBupload
1587091224.740|URL added to list|INFO|ITSDBupload
1587091224.740|URL added to list|INFO|ITSDBupload
1587091224.740|URL added to list|INFO|ITSDBupload
1587091224.740|URL added to list|INFO|ITSDBupload
1587091224.740|URL added to list|INFO|ITSDBupload
1587091224.740|URL added to list|INFO|ITSDBupload
1587091224.740|URL added to list|INFO|ITSDBupload
1587091224.739|URL added to list|INFO|ITSDBupload
1587091224.739|URL added to list|INFO|ITSDBupload
1587091224.739|URL added to list|INFO|ITSDBupload
1587091224.739|URL added to list|INFO|ITSDBupload
1587091224.739|URL added to list|INFO|ITSDBupload
1587091224.739|URL added to list|INFO|ITSDBupload
1587091224.739|URL added to list|INFO|ITSDBupload
1587091224.739|URL added to list|INFO|ITSDBupload
1587091224.739|URL added to list|INFO|ITSDBupload
1587091224.739|URL added to list|INFO|ITSDBupload
1587091224.739|URL added to list|INFO|ITSDBupload
1587091224.738|URL added to list|INFO|ITSDBupload
1587091224.738|URL added to list|INFO|ITSDBupload
1587091224.444|URL added to list|INFO|ITSDBupload
1587091224.444|URL added to list|INFO|ITSDBupload
1587091224.444|URL added to list|INFO|ITSDBupload
1587091224.444|URL added to list|INFO|ITSDBupload
1587091224.444|URL added to list|INFO|ITSDBupload
1587091224.444|URL added to list|INFO|ITSDBupload
1587091224.444|URL added to list|INFO|ITSDBupload
1587091224.444|URL added to list|INFO|ITSDBupload
1587091224.444|URL added to list|INFO|ITSDBupload
1587091224.444|URL added to list|INFO|ITSDBupload
1587091224.444|URL added to list|INFO|ITSDBupload
1587091224.443|URL added to list|INFO|ITSDBupload
1587091224.443|URL added to list|INFO|ITSDBupload
1587091224.443|URL added to list|INFO|ITSDBupload
1587091224.443|URL added to list|INFO|ITSDBupload
1587091224.443|URL added to list|INFO|ITSDBupload
1587091224.443|URL added to list|INFO|ITSDBupload
1587091224.443|URL added to list|INFO|ITSDBupload
1587091224.442|URL added to list|INFO|ITSDBupload
1587091224.442|URL added to list|INFO|ITSDBupload
1587091224.442|URL added to list|INFO|ITSDBupload
1587091224.442|URL added to list|INFO|ITSDBupload
1587091224.442|URL added to list|INFO|ITSDBupload
1587091224.442|URL added to list|INFO|ITSDBupload
1587091224.441|URL added to list|INFO|ITSDBupload
1587091224.441|URL added to list|INFO|ITSDBupload
1587091224.441|URL added to list|INFO|ITSDBupload
1587091224.441|URL added to list|INFO|ITSDBupload
1587091224.441|URL added to list|INFO|ITSDBupload
1587091224.441|URL added to list|INFO|ITSDBupload
1587091224.441|URL added to list|INFO|ITSDBupload
1587091224.441|URL added to list|INFO|ITSDBupload
1587091224.441|URL added to list|INFO|ITSDBupload
1587091224.441|URL added to list|INFO|ITSDBupload
1587091224.441|URL added to list|INFO|ITSDBupload
1587091224.440|URL added to list|INFO|ITSDBupload
1587091224.440|URL added to list|INFO|ITSDBupload
1587091224.440|URL added to list|INFO|ITSDBupload
1587091224.440|URL added to list|INFO|ITSDBupload
1587091224.440|URL added to list|INFO|ITSDBupload
1587091224.440|URL added to list|INFO|ITSDBupload
1587091224.440|URL added to list|INFO|ITSDBupload
1587091224.440|URL added to list|INFO|ITSDBupload
1587091224.440|URL added to list|INFO|ITSDBupload
1587091224.440|URL added to list|INFO|ITSDBupload
1587091224.440|URL added to list|INFO|ITSDBupload
1587091224.439|URL added to list|INFO|ITSDBupload
1587091224.439|URL added to list|INFO|ITSDBupload
1587091224.439|URL added to list|INFO|ITSDBupload
1587091224.439|URL added to list|INFO|ITSDBupload
1587091210.701|URL added to list|INFO|ITSDBupload
1587091210.701|URL added to list|INFO|ITSDBupload
1587091199.935|URL added to list|INFO|ITSDBupload
1587091199.935|URL added to list|INFO|ITSDBupload
1587091199.935|URL added to list|INFO|ITSDBupload
1587091199.935|URL added to list|INFO|ITSDBupload
1587091199.935|URL added to list|INFO|ITSDBupload
1587091199.935|URL added to list|INFO|ITSDBupload
1587091199.935|URL added to list|INFO|ITSDBupload
1587091199.935|URL added to list|INFO|ITSDBupload
1587091199.934|URL added to list|INFO|ITSDBupload
1587091199.934|URL added to list|INFO|ITSDBupload
1587091199.934|URL added to list|INFO|ITSDBupload
1587091199.934|URL added to list|INFO|ITSDBupload
1587091199.934|URL added to list|INFO|ITSDBupload
1587091199.934|URL added to list|INFO|ITSDBupload
1587091199.934|URL added to list|INFO|ITSDBupload
1587091199.934|URL added to list|INFO|ITSDBupload
1587091199.934|URL added to list|INFO|ITSDBupload
1587091199.933|URL added to list|INFO|ITSDBupload
1587091199.933|URL added to list|INFO|ITSDBupload
1587091199.933|URL added to list|INFO|ITSDBupload
1587091199.933|URL added to list|INFO|ITSDBupload
1587091199.933|URL added to list|INFO|ITSDBupload
1587091199.933|URL added to list|INFO|ITSDBupload
1587091199.933|URL added to list|INFO|ITSDBupload
1587091199.932|URL added to list|INFO|ITSDBupload
1587091190.242|URL added to list|INFO|ITSDBupload
1587091190.242|URL added to list|INFO|ITSDBupload
1587091190.242|URL added to list|INFO|ITSDBupload
1587091190.242|URL added to list|INFO|ITSDBupload
1587091190.242|URL added to list|INFO|ITSDBupload
1587091190.242|URL added to list|INFO|ITSDBupload
1587091190.242|URL added to list|INFO|ITSDBupload
1587091190.242|URL added to list|INFO|ITSDBupload
1587091190.241|URL added to list|INFO|ITSDBupload
1587091190.241|URL added to list|INFO|ITSDBupload
1587091190.241|URL added to list|INFO|ITSDBupload
1587091188.911|URL added to list|INFO|ITSDBupload
1587091188.911|URL added to list|INFO|ITSDBupload
1587091188.910|URL added to list|INFO|ITSDBupload
1587091188.910|URL added to list|INFO|ITSDBupload
1587091188.910|URL added to list|INFO|ITSDBupload
1587091188.910|URL added to list|INFO|ITSDBupload
1587091188.910|URL added to list|INFO|ITSDBupload
1587091188.910|URL added to list|INFO|ITSDBupload
1587091188.910|URL added to list|INFO|ITSDBupload
1587091188.506|URL added to list|INFO|ITSDBupload
1587091188.506|URL added to list|INFO|ITSDBupload
1587091188.506|URL added to list|INFO|ITSDBupload
1587091188.506|URL added to list|INFO|ITSDBupload
1587091188.506|URL added to list|INFO|ITSDBupload
1587091188.020|URL added to list|INFO|ITSDBupload
1587091188.020|URL added to list|INFO|ITSDBupload
1587091188.020|URL added to list|INFO|ITSDBupload
1587091188.020|URL added to list|INFO|ITSDBupload
1587091188.019|URL added to list|INFO|ITSDBupload
1587091188.019|URL added to list|INFO|ITSDBupload
1587091188.019|URL added to list|INFO|ITSDBupload
1587091188.019|URL added to list|INFO|ITSDBupload
1587091188.019|URL added to list|INFO|ITSDBupload
1587091188.018|URL added to list|INFO|ITSDBupload
1587091187.668|URL added to list|INFO|ITSDBupload
1587091187.668|URL added to list|INFO|ITSDBupload
1587091187.668|URL added to list|INFO|ITSDBupload
1587091187.668|URL added to list|INFO|ITSDBupload
1587091187.668|URL added to list|INFO|ITSDBupload
1587091187.667|URL added to list|INFO|ITSDBupload
1587091187.667|URL added to list|INFO|ITSDBupload
1587091187.667|URL added to list|INFO|ITSDBupload
1587091187.667|URL added to list|INFO|ITSDBupload
1587091187.667|URL added to list|INFO|ITSDBupload
1587091187.667|URL added to list|INFO|ITSDBupload
1587091187.667|URL added to list|INFO|ITSDBupload
1587091187.666|URL added to list|INFO|ITSDBupload
1587091187.666|URL added to list|INFO|ITSDBupload
1587091187.666|URL added to list|INFO|ITSDBupload
1587091187.666|URL added to list|INFO|ITSDBupload
1587091187.666|URL added to list|INFO|ITSDBupload
1587091187.666|URL added to list|INFO|ITSDBupload
1587091187.665|URL added to list|INFO|ITSDBupload
1587091187.665|URL added to list|INFO|ITSDBupload
1587091187.665|URL added to list|INFO|ITSDBupload
1587091187.665|URL added to list|INFO|ITSDBupload
1587091187.665|URL added to list|INFO|ITSDBupload
1587091187.665|URL added to list|INFO|ITSDBupload
1587091187.665|URL added to list|INFO|ITSDBupload
1587091187.664|URL added to list|INFO|ITSDBupload
1587091187.664|URL added to list|INFO|ITSDBupload
1587091187.664|URL added to list|INFO|ITSDBupload
1587091187.664|URL added to list|INFO|ITSDBupload
1587091187.664|URL added to list|INFO|ITSDBupload
1587091187.664|URL added to list|INFO|ITSDBupload
1587091187.664|URL added to list|INFO|ITSDBupload
1587091187.664|URL added to list|INFO|ITSDBupload
1587091187.663|URL added to list|INFO|ITSDBupload
1587091187.663|URL added to list|INFO|ITSDBupload
1587091187.663|URL added to list|INFO|ITSDBupload
1587091187.663|URL added to list|INFO|ITSDBupload
1587091187.663|URL added to list|INFO|ITSDBupload
1587091187.663|URL added to list|INFO|ITSDBupload
1587091187.663|URL added to list|INFO|ITSDBupload
1587091187.663|URL added to list|INFO|ITSDBupload
1587091187.663|URL added to list|INFO|ITSDBupload
1587091187.663|URL added to list|INFO|ITSDBupload
1587091187.663|URL added to list|INFO|ITSDBupload
1587091187.663|URL added to list|INFO|ITSDBupload
1587091187.663|URL added to list|INFO|ITSDBupload
1587091187.663|URL added to list|INFO|ITSDBupload
1587091187.663|URL added to list|INFO|ITSDBupload
1587091187.663|URL added to list|INFO|ITSDBupload
1587091187.663|URL added to list|INFO|ITSDBupload
1587091187.663|URL added to list|INFO|ITSDBupload
1587091187.663|URL added to list|INFO|ITSDBupload
1587091187.662|URL added to list|INFO|ITSDBupload
1587091187.662|URL added to list|INFO|ITSDBupload
1587091187.662|URL added to list|INFO|ITSDBupload
1587091187.662|URL added to list|INFO|ITSDBupload
1587091187.662|URL added to list|INFO|ITSDBupload
1587091187.662|URL added to list|INFO|ITSDBupload
1587091187.662|URL added to list|INFO|ITSDBupload
1587091187.662|URL added to list|INFO|ITSDBupload
1587091187.662|URL added to list|INFO|ITSDBupload
1587091187.662|URL added to list|INFO|ITSDBupload
1587091187.662|URL added to list|INFO|ITSDBupload
1587091187.662|URL added to list|INFO|ITSDBupload
1587091187.662|URL added to list|INFO|ITSDBupload
1587091187.661|URL added to list|INFO|ITSDBupload
1587091187.661|URL added to list|INFO|ITSDBupload
1587091187.661|URL added to list|INFO|ITSDBupload
1587091187.661|URL added to list|INFO|ITSDBupload
1587091187.661|URL added to list|INFO|ITSDBupload
1587091187.661|URL added to list|INFO|ITSDBupload
1587091187.661|URL added to list|INFO|ITSDBupload
1587091187.661|URL added to list|INFO|ITSDBupload
1587091187.661|URL added to list|INFO|ITSDBupload
1587091187.661|URL added to list|INFO|ITSDBupload
1587091187.661|URL added to list|INFO|ITSDBupload
1587091187.661|URL added to list|INFO|ITSDBupload
1587091187.661|URL added to list|INFO|ITSDBupload
1587091187.660|URL added to list|INFO|ITSDBupload
1587091187.660|URL added to list|INFO|ITSDBupload
1587091187.660|URL added to list|INFO|ITSDBupload
1587091187.660|URL added to list|INFO|ITSDBupload
1587091187.660|URL added to list|INFO|ITSDBupload
1587091187.660|URL added to list|INFO|ITSDBupload
1587091187.660|URL added to list|INFO|ITSDBupload
1587091187.660|URL added to list|INFO|ITSDBupload
1587091187.660|URL added to list|INFO|ITSDBupload
1587091187.660|URL added to list|INFO|ITSDBupload
1587091187.660|URL added to list|INFO|ITSDBupload
1587091187.660|URL added to list|INFO|ITSDBupload
1587091187.659|URL added to list|INFO|ITSDBupload
1587091187.659|URL added to list|INFO|ITSDBupload
1587091187.659|URL added to list|INFO|ITSDBupload
1587091187.659|URL added to list|INFO|ITSDBupload
1587091187.659|URL added to list|INFO|ITSDBupload
1587091187.659|URL added to list|INFO|ITSDBupload
1587091187.659|URL added to list|INFO|ITSDBupload
1587091187.659|URL added to list|INFO|ITSDBupload
1587091187.659|URL added to list|INFO|ITSDBupload
1587091187.659|URL added to list|INFO|ITSDBupload
1587091187.201|URL added to list|INFO|ITSDBupload
1587091187.201|URL added to list|INFO|ITSDBupload
1587091187.201|URL added to list|INFO|ITSDBupload
1587091153.858|URL added to list|INFO|ITSDBupload
1587091153.857|URL added to list|INFO|ITSDBupload
1587091153.857|URL added to list|INFO|ITSDBupload
1587091153.857|URL added to list|INFO|ITSDBupload
1587091153.857|URL added to list|INFO|ITSDBupload
1587091153.856|URL added to list|INFO|ITSDBupload
1587091153.856|URL added to list|INFO|ITSDBupload
1587091153.856|URL added to list|INFO|ITSDBupload
1587091152.526|URL added to list|INFO|ITSDBupload
1587091152.526|URL added to list|INFO|ITSDBupload
1587091152.526|URL added to list|INFO|ITSDBupload
1587091152.526|URL added to list|INFO|ITSDBupload
1587091152.525|URL added to list|INFO|ITSDBupload
1587091145.951|URL added to list|INFO|ITSDBupload
1587091145.951|URL added to list|INFO|ITSDBupload
1587091145.951|URL added to list|INFO|ITSDBupload
1587091145.951|URL added to list|INFO|ITSDBupload
1587091145.951|URL added to list|INFO|ITSDBupload
1587091145.951|URL added to list|INFO|ITSDBupload
1587091145.951|URL added to list|INFO|ITSDBupload
1587091145.951|URL added to list|INFO|ITSDBupload
1587091142.131|URL added to list|INFO|ITSDBupload
1587091142.131|URL added to list|INFO|ITSDBupload
1587091142.131|URL added to list|INFO|ITSDBupload
1587091142.130|URL added to list|INFO|ITSDBupload
1587091142.130|URL added to list|INFO|ITSDBupload
1587091142.130|URL added to list|INFO|ITSDBupload
1587091142.130|URL added to list|INFO|ITSDBupload
1587091142.130|URL added to list|INFO|ITSDBupload
1587091142.130|URL added to list|INFO|ITSDBupload
1587091142.130|URL added to list|INFO|ITSDBupload
1587091142.130|URL added to list|INFO|ITSDBupload
1587091142.130|URL added to list|INFO|ITSDBupload
1587091142.129|URL added to list|INFO|ITSDBupload
1587091142.129|URL added to list|INFO|ITSDBupload
1587091142.129|URL added to list|INFO|ITSDBupload
1587091142.129|URL added to list|INFO|ITSDBupload
1587091142.129|URL added to list|INFO|ITSDBupload
1587091142.129|URL added to list|INFO|ITSDBupload
1587091142.128|URL added to list|INFO|ITSDBupload
1587091142.128|URL added to list|INFO|ITSDBupload
1587091142.128|URL added to list|INFO|ITSDBupload
1587091142.128|URL added to list|INFO|ITSDBupload
1587091142.128|URL added to list|INFO|ITSDBupload
1587091142.128|URL added to list|INFO|ITSDBupload
1587091142.128|URL added to list|INFO|ITSDBupload
1587091142.128|URL added to list|INFO|ITSDBupload
1587091142.127|URL added to list|INFO|ITSDBupload
1587091142.127|URL added to list|INFO|ITSDBupload
1587091142.127|URL added to list|INFO|ITSDBupload
1587091142.127|URL added to list|INFO|ITSDBupload
1587091142.127|URL added to list|INFO|ITSDBupload
1587091142.127|URL added to list|INFO|ITSDBupload
1587091142.127|URL added to list|INFO|ITSDBupload
1587091142.126|URL added to list|INFO|ITSDBupload
1587091142.126|URL added to list|INFO|ITSDBupload
1587091142.126|URL added to list|INFO|ITSDBupload
1587091142.126|URL added to list|INFO|ITSDBupload
1587091142.126|URL added to list|INFO|ITSDBupload
1587091142.126|URL added to list|INFO|ITSDBupload
1587091142.126|URL added to list|INFO|ITSDBupload
1587091142.126|URL added to list|INFO|ITSDBupload
1587091142.125|URL added to list|INFO|ITSDBupload
1587091142.125|URL added to list|INFO|ITSDBupload
1587091142.125|URL added to list|INFO|ITSDBupload
1587091142.125|URL added to list|INFO|ITSDBupload
1587091142.125|URL added to list|INFO|ITSDBupload
1587091142.125|URL added to list|INFO|ITSDBupload
1587091142.125|URL added to list|INFO|ITSDBupload
1587091142.125|URL added to list|INFO|ITSDBupload
1587091142.125|URL added to list|INFO|ITSDBupload
1587091142.125|URL added to list|INFO|ITSDBupload
1587091142.124|URL added to list|INFO|ITSDBupload
1587091142.124|URL added to list|INFO|ITSDBupload
1587091142.124|URL added to list|INFO|ITSDBupload
1587091142.124|URL added to list|INFO|ITSDBupload
1587091142.124|URL added to list|INFO|ITSDBupload
1587091142.124|URL added to list|INFO|ITSDBupload
1587091142.123|URL added to list|INFO|ITSDBupload
1587091142.123|URL added to list|INFO|ITSDBupload
1587091142.123|URL added to list|INFO|ITSDBupload
1587091142.123|URL added to list|INFO|ITSDBupload
1587091142.123|URL added to list|INFO|ITSDBupload
1587091142.123|URL added to list|INFO|ITSDBupload
1587091142.123|URL added to list|INFO|ITSDBupload
1587091142.122|URL added to list|INFO|ITSDBupload
1587091142.122|URL added to list|INFO|ITSDBupload
1587091142.122|URL added to list|INFO|ITSDBupload
1587091142.122|URL added to list|INFO|ITSDBupload
1587091142.122|URL added to list|INFO|ITSDBupload
1587091142.122|URL added to list|INFO|ITSDBupload
1587091142.121|URL added to list|INFO|ITSDBupload
1587091142.121|URL added to list|INFO|ITSDBupload
1587091142.121|URL added to list|INFO|ITSDBupload
1587091142.121|URL added to list|INFO|ITSDBupload
1587091142.121|URL added to list|INFO|ITSDBupload
1587091142.120|URL added to list|INFO|ITSDBupload
1587091142.120|URL added to list|INFO|ITSDBupload
1587091142.120|URL added to list|INFO|ITSDBupload
1587091142.120|URL added to list|INFO|ITSDBupload
1587091142.120|URL added to list|INFO|ITSDBupload
1587091142.120|URL added to list|INFO|ITSDBupload
1587091142.120|URL added to list|INFO|ITSDBupload
1587091142.120|URL added to list|INFO|ITSDBupload
1587091142.120|URL added to list|INFO|ITSDBupload
1587091142.120|URL added to list|INFO|ITSDBupload
1587091142.120|URL added to list|INFO|ITSDBupload
1587091142.119|URL added to list|INFO|ITSDBupload
1587091142.119|URL added to list|INFO|ITSDBupload
1587091142.119|URL added to list|INFO|ITSDBupload
1587091141.743|URL added to list|INFO|ITSDBupload
1587091141.743|URL added to list|INFO|ITSDBupload
1587091141.743|URL added to list|INFO|ITSDBupload
1587091141.743|URL added to list|INFO|ITSDBupload
1587091141.743|URL added to list|INFO|ITSDBupload
1587091141.742|URL added to list|INFO|ITSDBupload
1587091141.742|URL added to list|INFO|ITSDBupload
1587091141.742|URL added to list|INFO|ITSDBupload
1587091141.742|URL added to list|INFO|ITSDBupload
1587091141.742|URL added to list|INFO|ITSDBupload
1587091141.742|URL added to list|INFO|ITSDBupload
1587091141.741|URL added to list|INFO|ITSDBupload
1587091141.741|URL added to list|INFO|ITSDBupload
1587091141.741|URL added to list|INFO|ITSDBupload
1587091141.741|URL added to list|INFO|ITSDBupload
1587091141.741|URL added to list|INFO|ITSDBupload
1587091141.740|URL added to list|INFO|ITSDBupload
1587091141.740|URL added to list|INFO|ITSDBupload
1587091141.740|URL added to list|INFO|ITSDBupload
1587091141.740|URL added to list|INFO|ITSDBupload
1587091141.740|URL added to list|INFO|ITSDBupload
1587091141.740|URL added to list|INFO|ITSDBupload
1587091141.739|URL added to list|INFO|ITSDBupload
1587091141.739|URL added to list|INFO|ITSDBupload
1587091141.739|URL added to list|INFO|ITSDBupload
1587091141.739|URL added to list|INFO|ITSDBupload
1587091141.739|URL added to list|INFO|ITSDBupload
1587091141.738|URL added to list|INFO|ITSDBupload
1587091141.738|URL added to list|INFO|ITSDBupload
1587091141.738|URL added to list|INFO|ITSDBupload
1587091141.738|URL added to list|INFO|ITSDBupload
1587091141.738|URL added to list|INFO|ITSDBupload
1587091141.738|URL added to list|INFO|ITSDBupload
1587091141.737|URL added to list|INFO|ITSDBupload
1587091141.737|URL added to list|INFO|ITSDBupload
1587091141.737|URL added to list|INFO|ITSDBupload
1587091141.737|URL added to list|INFO|ITSDBupload
1587091141.737|URL added to list|INFO|ITSDBupload
1587091141.737|URL added to list|INFO|ITSDBupload
1587091141.736|URL added to list|INFO|ITSDBupload
1587091141.736|URL added to list|INFO|ITSDBupload
1587091141.736|URL added to list|INFO|ITSDBupload
1587091141.736|URL added to list|INFO|ITSDBupload
1587091141.736|URL added to list|INFO|ITSDBupload
1587091141.736|URL added to list|INFO|ITSDBupload
1587091141.735|URL added to list|INFO|ITSDBupload
1587091141.735|URL added to list|INFO|ITSDBupload
1587091141.735|URL added to list|INFO|ITSDBupload
1587091141.735|URL added to list|INFO|ITSDBupload
1587091141.735|URL added to list|INFO|ITSDBupload
1587091141.734|URL added to list|INFO|ITSDBupload
1587091141.734|URL added to list|INFO|ITSDBupload
1587091141.734|URL added to list|INFO|ITSDBupload
1587091141.734|URL added to list|INFO|ITSDBupload
1587091141.734|URL added to list|INFO|ITSDBupload
1587091141.733|URL added to list|INFO|ITSDBupload
1587091141.733|URL added to list|INFO|ITSDBupload
1587091141.733|URL added to list|INFO|ITSDBupload
1587091141.733|URL added to list|INFO|ITSDBupload
1587091141.733|URL added to list|INFO|ITSDBupload
1587091141.732|URL added to list|INFO|ITSDBupload
1587091141.732|URL added to list|INFO|ITSDBupload
1587091141.732|URL added to list|INFO|ITSDBupload
1587091139.538|URL added to list|INFO|ITSDBupload
1587091139.538|URL added to list|INFO|ITSDBupload
1587091139.538|URL added to list|INFO|ITSDBupload
1587091139.538|URL added to list|INFO|ITSDBupload
1587091139.538|URL added to list|INFO|ITSDBupload
1587091139.538|URL added to list|INFO|ITSDBupload
1587091139.538|URL added to list|INFO|ITSDBupload
1587091139.353|URL added to list|INFO|ITSDBupload
1587091139.353|URL added to list|INFO|ITSDBupload
1587091139.353|URL added to list|INFO|ITSDBupload
1587091139.353|URL added to list|INFO|ITSDBupload
1587091139.353|URL added to list|INFO|ITSDBupload
1587091139.352|URL added to list|INFO|ITSDBupload
1587091139.352|URL added to list|INFO|ITSDBupload
1587091139.352|URL added to list|INFO|ITSDBupload
1587091139.352|URL added to list|INFO|ITSDBupload
1587091139.352|URL added to list|INFO|ITSDBupload
1587091139.352|URL added to list|INFO|ITSDBupload
1587091139.352|URL added to list|INFO|ITSDBupload
1587091139.352|URL added to list|INFO|ITSDBupload
1587091139.352|URL added to list|INFO|ITSDBupload
1587091139.352|URL added to list|INFO|ITSDBupload
1587091139.352|URL added to list|INFO|ITSDBupload
1587091139.352|URL added to list|INFO|ITSDBupload
1587091139.351|URL added to list|INFO|ITSDBupload
1587091139.351|URL added to list|INFO|ITSDBupload
1587091139.351|URL added to list|INFO|ITSDBupload
1587091139.351|URL added to list|INFO|ITSDBupload
1587091138.313|URL added to list|INFO|ITSDBupload
1587091138.313|URL added to list|INFO|ITSDBupload
1587091138.313|URL added to list|INFO|ITSDBupload
1587091138.313|URL added to list|INFO|ITSDBupload
1587091138.313|URL added to list|INFO|ITSDBupload
1587091138.313|URL added to list|INFO|ITSDBupload
1587091138.313|URL added to list|INFO|ITSDBupload
1587091138.313|URL added to list|INFO|ITSDBupload
1587091138.312|URL added to list|INFO|ITSDBupload
1587091138.312|URL added to list|INFO|ITSDBupload
1587091138.044|URL added to list|INFO|ITSDBupload
1587091138.044|URL added to list|INFO|ITSDBupload
1587091138.044|URL added to list|INFO|ITSDBupload
1587091138.044|URL added to list|INFO|ITSDBupload
1587091138.044|URL added to list|INFO|ITSDBupload
1587091138.044|URL added to list|INFO|ITSDBupload
1587091138.044|URL added to list|INFO|ITSDBupload
1587091138.044|URL added to list|INFO|ITSDBupload
1587091138.043|URL added to list|INFO|ITSDBupload
1587091138.043|URL added to list|INFO|ITSDBupload
1587091138.043|URL added to list|INFO|ITSDBupload
1587091138.043|URL added to list|INFO|ITSDBupload
1587091138.043|URL added to list|INFO|ITSDBupload
1587091138.043|URL added to list|INFO|ITSDBupload
1587091138.042|URL added to list|INFO|ITSDBupload
1587091138.042|URL added to list|INFO|ITSDBupload
1587091137.570|URL added to list|INFO|ITSDBupload
1587091137.570|URL added to list|INFO|ITSDBupload
1587091137.570|URL added to list|INFO|ITSDBupload
1587091137.570|URL added to list|INFO|ITSDBupload
1587091133.878|URL added to list|INFO|ITSDBupload
1587091133.878|URL added to list|INFO|ITSDBupload
1587091133.877|URL added to list|INFO|ITSDBupload
1587091133.442|URL added to list|INFO|ITSDBupload
1587091133.442|URL added to list|INFO|ITSDBupload
1587091133.442|URL added to list|INFO|ITSDBupload
1587091133.442|URL added to list|INFO|ITSDBupload
1587091133.442|URL added to list|INFO|ITSDBupload
1587091133.101|URL added to list|INFO|ITSDBupload
1587091133.101|URL added to list|INFO|ITSDBupload
1587091133.101|URL added to list|INFO|ITSDBupload
1587091133.100|URL added to list|INFO|ITSDBupload
1587091133.100|URL added to list|INFO|ITSDBupload
1587091133.100|URL added to list|INFO|ITSDBupload
1587091133.100|URL added to list|INFO|ITSDBupload
1587091133.100|URL added to list|INFO|ITSDBupload
1587091133.100|URL added to list|INFO|ITSDBupload
1587091133.100|URL added to list|INFO|ITSDBupload
1587091133.099|URL added to list|INFO|ITSDBupload
1587091133.099|URL added to list|INFO|ITSDBupload
1587091133.099|URL added to list|INFO|ITSDBupload
1587091133.099|URL added to list|INFO|ITSDBupload
1587091133.099|URL added to list|INFO|ITSDBupload
1587091133.099|URL added to list|INFO|ITSDBupload
1587091133.099|URL added to list|INFO|ITSDBupload
1587091133.099|URL added to list|INFO|ITSDBupload
1587091133.099|URL added to list|INFO|ITSDBupload
1587091133.099|URL added to list|INFO|ITSDBupload
1587091133.099|URL added to list|INFO|ITSDBupload
1587091133.098|URL added to list|INFO|ITSDBupload
1587091133.098|URL added to list|INFO|ITSDBupload
1587091133.098|URL added to list|INFO|ITSDBupload
1587091133.098|URL added to list|INFO|ITSDBupload
1587091133.098|URL added to list|INFO|ITSDBupload
1587091122.361|URL added to list|INFO|ITSDBupload
1587091122.361|URL added to list|INFO|ITSDBupload
1587091122.361|URL added to list|INFO|ITSDBupload
1587091115.605|URL added to list|INFO|ITSDBupload
1587091115.605|URL added to list|INFO|ITSDBupload
1587091115.605|URL added to list|INFO|ITSDBupload
1587091115.605|URL added to list|INFO|ITSDBupload
1587091115.605|URL added to list|INFO|ITSDBupload
1587091115.604|URL added to list|INFO|ITSDBupload
1587091115.604|URL added to list|INFO|ITSDBupload
1587091115.604|URL added to list|INFO|ITSDBupload
1587091115.604|URL added to list|INFO|ITSDBupload
1587091115.604|URL added to list|INFO|ITSDBupload
1587091115.603|URL added to list|INFO|ITSDBupload
1587091115.603|URL added to list|INFO|ITSDBupload
1587091115.603|URL added to list|INFO|ITSDBupload
1587091115.603|URL added to list|INFO|ITSDBupload
1587091115.603|URL added to list|INFO|ITSDBupload
1587091115.603|URL added to list|INFO|ITSDBupload
1587091115.603|URL added to list|INFO|ITSDBupload
1587091115.603|URL added to list|INFO|ITSDBupload
1587091115.603|URL added to list|INFO|ITSDBupload
1587091115.603|URL added to list|INFO|ITSDBupload
1587091115.603|URL added to list|INFO|ITSDBupload
1587091115.602|URL added to list|INFO|ITSDBupload
1587091115.602|URL added to list|INFO|ITSDBupload
1587091115.602|URL added to list|INFO|ITSDBupload
1587091115.602|URL added to list|INFO|ITSDBupload
1587091115.602|URL added to list|INFO|ITSDBupload
1587091115.602|URL added to list|INFO|ITSDBupload
1587091115.602|URL added to list|INFO|ITSDBupload
1587091115.601|URL added to list|INFO|ITSDBupload
1587091115.601|URL added to list|INFO|ITSDBupload
1587091115.601|URL added to list|INFO|ITSDBupload
1587091115.601|URL added to list|INFO|ITSDBupload
1587091115.601|URL added to list|INFO|ITSDBupload
1587091115.601|URL added to list|INFO|ITSDBupload
1587091115.601|URL added to list|INFO|ITSDBupload
1587091115.601|URL added to list|INFO|ITSDBupload
1587091115.601|URL added to list|INFO|ITSDBupload
1587091115.601|URL added to list|INFO|ITSDBupload
1587091115.601|URL added to list|INFO|ITSDBupload
1587091115.601|URL added to list|INFO|ITSDBupload
1587091115.600|URL added to list|INFO|ITSDBupload
1587091115.600|URL added to list|INFO|ITSDBupload
1587091115.600|URL added to list|INFO|ITSDBupload
1587091115.600|URL added to list|INFO|ITSDBupload
1587091115.600|URL added to list|INFO|ITSDBupload
1587091115.600|URL added to list|INFO|ITSDBupload
1587091115.600|URL added to list|INFO|ITSDBupload
1587091115.600|URL added to list|INFO|ITSDBupload
1587091115.600|URL added to list|INFO|ITSDBupload
1587091115.600|URL added to list|INFO|ITSDBupload
1587091115.600|URL added to list|INFO|ITSDBupload
1587091115.600|URL added to list|INFO|ITSDBupload
1587091115.599|URL added to list|INFO|ITSDBupload
1587091115.599|URL added to list|INFO|ITSDBupload
1587091115.599|URL added to list|INFO|ITSDBupload
1587091115.599|URL added to list|INFO|ITSDBupload
1587091115.599|URL added to list|INFO|ITSDBupload
1587091115.599|URL added to list|INFO|ITSDBupload
1587091115.599|URL added to list|INFO|ITSDBupload
1587091115.599|URL added to list|INFO|ITSDBupload
1587091115.599|URL added to list|INFO|ITSDBupload
1587091115.599|URL added to list|INFO|ITSDBupload
1587091115.599|URL added to list|INFO|ITSDBupload
1587091115.599|URL added to list|INFO|ITSDBupload
1587091115.598|URL added to list|INFO|ITSDBupload
1587091115.598|URL added to list|INFO|ITSDBupload
1587091115.598|URL added to list|INFO|ITSDBupload
1587091115.598|URL added to list|INFO|ITSDBupload
1587091115.598|URL added to list|INFO|ITSDBupload
1587091115.598|URL added to list|INFO|ITSDBupload
1587091115.598|URL added to list|INFO|ITSDBupload
1587091115.598|URL added to list|INFO|ITSDBupload
1587091115.598|URL added to list|INFO|ITSDBupload
1587091115.598|URL added to list|INFO|ITSDBupload
1587091115.598|URL added to list|INFO|ITSDBupload
1587091115.598|URL added to list|INFO|ITSDBupload
1587091115.597|URL added to list|INFO|ITSDBupload
1587091115.597|URL added to list|INFO|ITSDBupload
1587091115.597|URL added to list|INFO|ITSDBupload
1587091115.597|URL added to list|INFO|ITSDBupload
1587091115.597|URL added to list|INFO|ITSDBupload
1587091115.597|URL added to list|INFO|ITSDBupload
1587091115.597|URL added to list|INFO|ITSDBupload
1587091115.597|URL added to list|INFO|ITSDBupload
1587091115.597|URL added to list|INFO|ITSDBupload
1587091115.597|URL added to list|INFO|ITSDBupload
1587091115.597|URL added to list|INFO|ITSDBupload
1587091115.596|URL added to list|INFO|ITSDBupload
1587091115.596|URL added to list|INFO|ITSDBupload
1587091115.596|URL added to list|INFO|ITSDBupload
1587091115.596|URL added to list|INFO|ITSDBupload
1587091115.596|URL added to list|INFO|ITSDBupload
1587091115.596|URL added to list|INFO|ITSDBupload
1587091115.596|URL added to list|INFO|ITSDBupload
1587091115.596|URL added to list|INFO|ITSDBupload
1587091115.596|URL added to list|INFO|ITSDBupload
1587091115.595|URL added to list|INFO|ITSDBupload
1587091115.595|URL added to list|INFO|ITSDBupload
1587091115.595|URL added to list|INFO|ITSDBupload
1587091115.595|URL added to list|INFO|ITSDBupload
1587091114.982|URL added to list|INFO|ITSDBupload
1587091114.982|URL added to list|INFO|ITSDBupload
1587091114.982|URL added to list|INFO|ITSDBupload
1587091114.608|URL added to list|INFO|ITSDBupload
1587091114.608|URL added to list|INFO|ITSDBupload
1587091114.608|URL added to list|INFO|ITSDBupload
1587091114.607|URL added to list|INFO|ITSDBupload
1587091114.607|URL added to list|INFO|ITSDBupload
1587091114.607|URL added to list|INFO|ITSDBupload
1587091114.607|URL added to list|INFO|ITSDBupload
1587091114.607|URL added to list|INFO|ITSDBupload
1587091114.607|URL added to list|INFO|ITSDBupload
1587091114.607|URL added to list|INFO|ITSDBupload
1587091114.607|URL added to list|INFO|ITSDBupload
1587091114.607|URL added to list|INFO|ITSDBupload
1587091090.454|URL added to list|INFO|ITSDBupload
1587091090.454|URL added to list|INFO|ITSDBupload
1587091090.454|URL added to list|INFO|ITSDBupload
1587091090.276|URL added to list|INFO|ITSDBupload
1587091090.275|URL added to list|INFO|ITSDBupload
1587091089.845|URL added to list|INFO|ITSDBupload
1587091089.845|URL added to list|INFO|ITSDBupload
1587091088.622|URL added to list|INFO|ITSDBupload
1587091088.622|URL added to list|INFO|ITSDBupload
1587091088.622|URL added to list|INFO|ITSDBupload
1587091088.622|URL added to list|INFO|ITSDBupload
1587091088.622|URL added to list|INFO|ITSDBupload
1587091081.228|URL added to list|INFO|ITSDBupload
1587091081.228|URL added to list|INFO|ITSDBupload
1587091074.735|URL added to list|INFO|ITSDBupload
1587091074.735|URL added to list|INFO|ITSDBupload
1587091074.735|URL added to list|INFO|ITSDBupload
1587091074.735|URL added to list|INFO|ITSDBupload
1587091074.735|URL added to list|INFO|ITSDBupload
1587091074.734|URL added to list|INFO|ITSDBupload
1587091074.734|URL added to list|INFO|ITSDBupload
1587091074.734|URL added to list|INFO|ITSDBupload
1587091074.734|URL added to list|INFO|ITSDBupload
1587091074.734|URL added to list|INFO|ITSDBupload
1587091074.733|URL added to list|INFO|ITSDBupload
1587091074.733|URL added to list|INFO|ITSDBupload
1587091074.319|URL added to list|INFO|ITSDBupload
1587091074.319|URL added to list|INFO|ITSDBupload
1587091074.319|URL added to list|INFO|ITSDBupload
1587091074.319|URL added to list|INFO|ITSDBupload
1587091074.319|URL added to list|INFO|ITSDBupload
1587091074.319|URL added to list|INFO|ITSDBupload
1587091074.319|URL added to list|INFO|ITSDBupload
1587091074.319|URL added to list|INFO|ITSDBupload
1587091074.319|URL added to list|INFO|ITSDBupload
